sp,sp_arbol,masa_gr,ln.masa,median_mt_w,median_nuc_w
Jjac,Jerboa,55,4.007333185,0.0165,0.0605
Ngal,BMRat,160,5.075173815,0.0221,0.0694
Maur,Hamster,105,4.65396035,0.0195,0.0622
Rnor,Rattus,300,5.703782475,0.0308,0.0638
Mmus,Mus,20.5,3.020424886,0.0273,0.0553
Cpor,Cavia,728,6.590301048,0.031,0.076
Hhyd,Capybara,55000,10.91508846,0.0527,0.0964
Odeg,Degu,235,5.459585514,0.0501,0.0726
Clan,Chinchilla,650,6.476972363,0.0432,0.071
Hgla,NMRat,55,4.007333185,0.0509,0.1052